,dia_1,dia_2,dia_3,dia_4,dia_5,dia_6,dia_7,dia_8,dia_9,dia_10,dia_11,dia_12,dia_13,dia_14,dia_15,dia_16,dia_17,dia_18,dia_19,dia_20,dia_21,dia_22,dia_23,dia_24,dia_25,dia_26,dia_27,dia_28,dia_29,dia_30
0,17,27,26,27,26,15,10,23,31,19,26,10,12,14,24,9,20,21,13,27,20,19,5,27,23,24,29,9,21,29
1,26,30,28,29,28,23,17,11,10,26,30,18,18,22,22,27,21,7,27,11,6,10,34,10,14,33,14,21,32,5
2,21,31,6,19,28,23,17,24,28,21,27,6,10,28,18,17,27,33,27,29,12,6,30,26,9,32,32,12,18,23
3,29,5,6,32,14,30,6,11,20,17,24,8,10,28,6,23,9,6,7,28,31,12,7,11,23,11,12,11,24,26
4,15,11,21,9,24,20,10,21,23,31,15,34,14,18,13,6,16,23,15,32,20,27,18,16,25,30,6,8,7,21
5,6,32,12,27,18,30,31,10,13,24,11,17,13,12,33,26,28,28,28,32,33,21,22,6,19,13,34,34,17,20
6,22,29,28,10,5,17,12,14,14,29,18,31,9,17,28,10,18,9,24,10,6,32,29,5,10,23,28,13,22,14
7,22,24,23,27,27,19,31,33,30,5,14,6,27,34,8,30,20,8,24,23,7,9,8,8,12,27,20,26,23,15
8,10,5,29,17,13,13,6,15,22,21,22,22,33,24,9,5,6,9,11,20,13,10,7,9,31,14,6,28,30,27
9,21,6,20,18,7,14,29,32,22,24,20,21,31,15,24,9,26,10,7,22,16,31,22,13,14,13,7,28,22,5
10,23,31,16,27,13,9,16,11,25,19,20,34,14,27,10,11,8,31,15,24,19,10,24,6,21,32,32,33,17,19
11,24,18,26,32,11,11,13,15,20,30,24,22,13,19,9,7,34,24,26,7,13,5,17,31,27,23,34,12,32,31
12,22,6,26,13,5,16,6,9,18,18,25,15,20,5,27,16,21,14,20,26,19,26,12,29,27,10,18,22,23,31
13,19,8,31,25,30,24,23,5,5,10,18,31,7,18,30,13,29,23,27,5,10,8,11,7,26,16,16,33,12,26
14,31,30,5,21,9,32,16,27,14,19,23,10,27,26,19,32,29,21,12,16,12,25,32,29,31,23,34,7,11,20
15,21,14,30,18,13,8,25,15,14,11,17,13,16,14,11,8,6,8,17,24,28,8,22,16,24,25,27,23,8,12
16,26,17,26,24,34,29,34,18,18,16,27,11,33,21,34,11,22,10,30,22,5,24,12,25,29,22,5,22,5,18
17,24,30,13,8,14,16,28,5,25,18,20,15,18,25,26,6,27,21,24,7,14,25,28,6,8,6,14,5,16,5
18,34,34,28,8,21,25,25,21,18,24,28,25,25,14,12,26,27,34,25,32,23,14,26,29,33,25,20,26,26,20
19,10,14,15,26,9,16,30,23,25,10,33,27,6,31,22,28,30,20,11,28,33,5,18,12,15,12,23,8,16,21
20,9,22,18,12,15,26,5,33,34,22,10,26,11,9,11,31,21,31,29,23,11,18,29,8,21,6,15,26,29,21
21,29,13,17,25,25,5,18,11,9,28,9,21,11,11,29,14,15,26,15,10,22,10,21,8,30,20,29,22,15,6
22,28,34,7,11,26,13,19,27,29,10,30,13,22,10,21,19,7,28,28,34,18,11,5,13,30,16,5,13,11,11
23,22,30,6,31,11,9,11,16,26,27,5,31,13,21,33,24,5,11,5,24,14,28,22,7,33,26,27,22,5,5
24,25,5,7,11,17,18,9,30,21,16,30,23,25,9,24,15,29,29,6,29,7,30,24,31,34,11,7,13,24,11
25,11,26,25,22,8,5,29,9,32,12,7,23,29,6,20,23,11,21,24,6,34,24,17,5,10,6,11,5,18,27
26,28,31,20,10,24,15,18,16,33,32,10,13,9,11,20,28,27,24,11,14,32,27,18,6,34,19,30,12,29,10
27,5,29,21,11,28,28,28,34,27,28,16,33,33,32,5,21,10,26,9,22,13,12,22,20,31,31,15,9,25,21
28,17,29,28,17,9,21,31,10,24,24,32,26,13,22,32,6,33,27,16,21,32,14,6,19,22,28,6,14,24,27
29,21,31,32,34,27,34,5,11,10,10,5,15,8,21,16,7,7,11,8,25,31,28,21,19,15,13,22,29,26,14
30,13,22,16,30,34,12,16,7,28,12,9,19,6,14,20,26,18,32,34,17,26,17,13,30,15,15,26,15,22,15
31,15,10,9,9,16,24,16,31,28,34,20,10,9,13,7,30,22,27,14,7,21,15,14,7,24,8,14,6,31,16
32,8,12,9,21,14,19,6,12,8,8,10,7,8,25,6,26,31,34,23,16,10,28,26,31,13,7,31,8,5,15
33,18,19,11,34,24,18,33,28,31,13,12,9,13,14,26,24,21,26,18,16,6,29,25,33,22,12,7,16,19,20
34,25,27,9,23,25,20,29,34,33,26,20,8,29,12,23,17,6,25,18,13,8,18,34,13,20,6,7,22,34,32
35,18,32,7,24,29,26,11,34,16,33,24,22,24,18,10,14,10,28,6,27,15,15,20,7,31,34,31,16,5,14
36,13,28,22,29,7,22,5,32,32,20,6,25,10,7,31,8,9,22,24,6,33,31,12,19,34,12,15,18,33,5
37,27,32,19,8,28,24,26,10,20,34,18,25,18,8,7,24,26,9,34,15,17,14,31,24,14,6,21,30,28,7
38,18,11,11,31,26,14,6,31,21,29,18,28,12,23,27,13,30,18,29,20,22,32,29,11,29,16,21,24,20,25
39,9,5,16,27,16,29,11,24,6,22,29,9,23,28,15,23,27,28,32,11,14,15,13,19,18,24,21,20,21,26
40,32,24,19,13,25,11,23,28,17,21,23,16,27,14,25,17,8,10,29,20,21,8,5,10,8,15,22,32,11,12
41,17,29,27,14,8,5,19,24,8,24,7,23,30,17,18,31,14,25,9,26,34,31,14,29,22,10,15,9,8,5
42,7,25,34,33,11,30,25,12,15,25,20,32,26,9,29,27,30,28,22,9,17,19,18,16,29,6,13,7,15,32
43,15,10,25,13,14,27,18,21,30,30,21,16,20,29,9,29,13,34,7,9,11,25,34,25,13,28,17,10,34,14
44,23,12,12,20,13,24,33,23,27,23,25,34,25,10,26,26,20,16,6,21,23,33,12,14,20,22,19,17,27,25
45,22,34,31,21,8,21,10,25,8,8,31,24,16,28,16,21,34,21,6,7,10,8,13,14,32,22,9,10,18,31
46,9,18,28,31,5,29,7,12,15,8,10,7,29,9,31,9,15,32,6,23,22,16,33,33,5,7,10,13,28,17
47,22,13,24,17,14,20,10,31,26,13,18,8,14,24,7,20,29,31,21,33,10,19,8,25,9,33,19,18,31,32
48,30,11,21,26,23,12,8,32,14,20,9,10,27,34,18,15,21,17,9,13,28,16,28,5,31,23,8,27,13,33
49,9,24,22,26,28,18,11,5,24,22,22,12,19,8,11,28,26,32,34,24,34,24,25,10,26,31,30,31,33,8
50,26,20,30,6,21,7,17,22,14,7,23,24,22,12,17,24,25,22,16,7,10,18,8,21,14,15,7,11,30,26
51,28,24,19,7,30,26,29,34,7,33,18,30,8,23,32,7,18,30,19,21,9,9,13,19,6,28,7,20,31,16
52,15,32,16,15,31,28,33,32,22,24,31,10,31,18,33,16,17,15,24,34,13,12,19,15,33,29,28,18,23,18
53,22,32,12,13,19,21,20,6,29,16,22,25,31,27,11,8,14,10,16,27,21,16,20,27,25,22,23,24,29,5
54,21,8,8,12,24,11,25,24,8,24,30,32,33,11,21,22,34,29,31,26,6,15,25,24,32,7,16,11,7,31
55,24,13,23,5,5,13,33,11,6,16,27,31,12,22,24,24,6,25,25,32,14,10,5,22,27,7,10,12,18,19
56,19,33,32,16,14,23,32,14,34,11,24,30,25,22,27,9,6,17,21,19,15,11,21,14,8,19,16,17,33,11
57,25,26,21,15,12,27,12,9,8,20,6,30,12,20,14,7,14,9,5,26,6,16,9,33,16,11,6,14,33,14
58,24,31,29,31,5,22,9,25,17,21,24,21,25,27,25,5,21,15,19,27,20,7,11,12,5,34,6,27,25,13
59,29,24,32,32,11,19,16,12,18,5,21,10,26,31,14,23,20,34,21,21,10,10,31,9,31,25,34,16,8,12
60,5,17,7,10,20,24,5,8,21,19,30,30,18,23,22,5,13,23,12,24,32,14,7,12,5,22,30,13,20,10
61,25,7,5,22,18,19,6,23,9,34,11,27,9,15,14,8,23,30,20,26,23,15,7,24,19,25,13,16,13,9
62,29,32,21,22,33,20,29,5,5,21,31,19,7,19,27,20,11,20,16,5,17,14,5,34,18,27,15,21,5,13
63,24,18,18,27,34,20,21,9,13,10,20,6,12,7,6,18,24,13,19,14,16,25,7,29,8,31,29,31,9,15
64,26,11,29,34,27,34,14,32,7,11,22,20,8,6,9,10,20,31,24,10,18,15,12,12,8,8,24,24,12,19
65,10,5,20,13,31,14,34,13,6,10,23,17,5,13,6,16,33,10,33,31,22,18,14,15,15,33,29,20,8,31
66,6,28,12,13,16,32,10,22,20,27,13,33,25,12,9,20,17,18,34,8,30,23,9,22,32,6,27,20,19,9
67,11,26,21,11,5,18,15,27,24,24,20,33,16,6,5,14,18,27,29,7,22,25,30,29,29,20,10,7,23,26
68,29,18,32,28,11,22,16,23,22,21,34,18,16,22,29,33,21,18,23,29,34,5,13,15,27,8,5,25,5,27
69,27,31,29,29,24,10,21,34,18,24,29,24,7,34,17,20,7,17,25,29,5,9,30,28,31,27,16,33,18,33
70,30,10,5,5,17,7,17,34,15,23,23,30,28,13,12,8,8,33,12,26,16,17,9,22,24,32,32,6,13,6
71,16,28,5,16,5,20,27,22,5,24,21,6,13,15,32,23,8,29,32,25,6,11,22,32,9,23,27,33,23,24
72,13,33,5,33,31,29,9,23,11,8,21,5,21,32,19,27,28,27,31,28,8,26,30,28,12,32,17,32,11,24
73,32,14,20,25,12,31,27,25,34,17,11,6,22,10,27,14,19,12,29,28,11,33,18,21,30,34,33,7,15,23
74,20,19,16,13,20,14,10,34,7,19,11,26,34,31,33,16,34,13,31,13,22,30,25,5,30,32,16,24,24,8
75,17,12,33,13,12,12,29,21,18,29,27,29,26,21,6,27,12,15,32,7,29,8,10,28,8,22,17,19,14,28
76,13,21,6,11,10,21,5,31,17,31,16,8,10,14,29,9,12,9,32,30,22,30,21,23,7,14,8,34,5,6
77,34,22,22,9,5,21,31,14,8,11,8,9,22,29,22,23,14,7,6,19,6,32,12,22,29,5,14,19,12,10
78,7,27,7,10,20,32,18,34,25,5,26,12,16,33,7,26,31,16,13,21,28,32,17,34,5,25,11,30,8,10
79,13,28,20,10,14,21,19,19,25,20,24,16,9,29,20,7,32,25,24,23,19,30,27,12,16,21,15,29,18,9
80,19,15,34,12,33,15,30,31,6,26,23,10,5,27,8,17,32,28,18,33,16,18,15,16,24,29,15,18,29,15
81,31,10,14,18,14,26,33,17,14,6,25,18,6,27,8,15,28,15,33,7,12,29,13,29,22,14,15,18,19,5
82,31,10,7,8,19,23,10,34,23,8,11,6,8,13,13,25,11,19,14,15,29,22,23,33,24,25,33,16,8,9
83,5,6,20,15,15,9,12,22,10,23,29,7,21,28,14,15,11,14,33,33,18,15,6,13,34,8,14,11,29,15
84,17,25,13,25,14,26,19,24,30,26,10,33,17,26,6,5,22,33,20,28,22,25,27,11,23,8,30,16,19,6
85,6,8,32,10,33,19,12,12,31,14,30,19,30,5,12,21,29,19,16,14,19,33,22,8,13,19,27,13,21,20
86,22,16,31,29,18,31,8,7,12,11,17,28,31,8,22,5,33,22,18,9,16,9,26,6,32,11,14,12,15,20
87,20,26,14,32,16,15,32,8,7,34,5,18,30,34,22,5,22,20,7,8,22,33,24,5,24,20,16,8,12,13
88,9,19,21,20,30,21,27,26,13,24,23,21,6,10,25,7,19,29,10,10,20,17,19,5,25,21,16,22,7,16
89,5,15,17,9,7,9,30,26,30,17,5,20,7,20,30,19,17,12,16,13,26,28,10,31,28,20,11,21,15,27
90,24,26,19,9,17,21,8,14,28,18,27,12,22,21,9,32,28,18,12,30,16,33,6,5,25,10,7,32,32,31
91,19,27,18,20,25,28,34,13,24,29,13,23,33,21,23,33,5,17,24,21,6,22,5,9,10,27,32,23,22,6
92,30,11,23,22,23,16,6,13,8,22,27,33,28,14,27,16,10,23,17,15,14,9,7,6,27,30,14,33,33,34
93,16,22,28,34,14,10,31,12,29,5,15,28,33,33,15,16,6,12,26,26,6,27,17,13,16,19,5,6,24,10
94,14,13,30,17,10,34,14,6,19,9,27,26,11,33,5,19,10,32,15,25,32,34,20,8,23,23,17,31,27,16
95,8,23,22,27,7,13,32,31,30,26,6,11,24,20,6,34,9,23,13,5,19,9,13,5,6,19,11,20,26,13
96,22,33,9,17,23,16,6,24,28,21,6,17,20,14,12,12,9,10,23,29,29,34,7,22,34,22,7,34,13,7
97,16,20,7,9,11,16,27,21,9,33,12,19,12,19,24,10,20,15,8,11,21,6,28,17,30,5,11,25,7,19
98,22,31,9,8,33,17,26,15,10,9,30,8,19,23,17,18,23,15,17,15,16,32,26,5,33,25,29,13,17,18
99,21,15,16,28,11,21,34,26,22,15,27,27,25,34,26,21,10,25,10,20,24,34,30,13,30,17,32,26,21,24
100,33,10,14,29,14,20,21,13,16,33,9,18,9,23,18,9,24,25,6,17,16,25,16,6,24,30,5,33,22,25
101,21,30,29,29,29,8,29,13,28,14,6,16,19,34,17,19,33,10,25,9,14,29,29,10,23,9,19,5,33,15
102,22,31,24,19,34,16,5,28,11,16,5,16,28,11,5,27,25,7,21,7,28,21,28,17,34,13,11,5,29,16
103,13,18,8,14,31,31,13,6,33,10,14,29,20,5,30,12,34,18,24,34,6,10,16,22,14,20,17,6,28,32
104,14,8,7,5,19,16,15,30,28,16,28,33,5,19,33,9,21,9,6,17,31,25,25,21,20,11,16,13,27,26
105,26,10,16,29,15,29,20,32,17,34,12,28,18,10,21,30,29,17,10,18,24,22,15,19,27,30,5,26,32,24
106,9,8,17,15,21,17,26,6,25,18,13,22,33,21,19,32,19,18,8,8,14,23,7,15,27,34,17,28,25,18
107,19,34,10,32,7,28,19,19,9,7,18,11,23,25,23,28,6,22,24,26,28,17,33,11,20,14,10,32,17,18
108,21,26,34,18,21,7,7,7,18,28,16,19,26,23,32,17,22,22,16,18,8,5,24,26,18,20,14,22,27,31
109,19,15,13,14,28,27,24,30,22,10,22,18,6,31,10,17,20,13,9,13,16,34,9,32,7,17,11,32,25,23
110,12,26,23,14,14,8,30,24,22,27,19,8,13,24,28,22,16,31,32,19,9,12,20,15,24,32,22,28,33,25
111,33,33,10,34,13,26,10,14,16,11,24,27,28,28,15,5,7,16,32,6,23,14,13,25,31,26,16,12,13,32
112,9,13,28,17,30,32,34,33,21,18,26,27,14,16,5,28,27,24,10,11,28,6,25,32,13,28,33,18,10,13
113,16,25,22,13,30,34,23,21,26,17,18,25,6,8,5,27,7,14,9,31,8,27,34,17,10,12,5,11,5,34
114,24,16,5,14,26,23,12,29,11,13,8,7,5,28,29,22,18,34,27,31,10,12,30,28,20,9,12,17,20,19
115,20,22,27,26,18,31,28,22,14,15,13,10,5,18,8,9,19,15,26,26,31,16,12,31,13,11,29,26,29,29
116,8,34,12,13,27,16,14,8,8,14,29,14,27,29,6,17,33,32,33,8,19,22,32,19,6,20,12,8,24,8
117,7,5,8,10,6,22,28,18,24,19,14,27,16,14,21,34,28,6,14,20,7,12,23,21,27,24,31,34,14,9
118,25,26,17,32,14,33,13,19,34,8,18,14,34,31,25,15,18,23,8,25,11,9,11,16,5,34,15,25,32,20
119,5,14,33,7,20,34,5,31,33,15,18,21,11,5,25,27,19,23,21,25,30,6,32,28,27,6,34,25,33,11
120,11,21,28,16,13,31,12,17,33,17,23,10,30,28,22,21,10,20,17,23,32,28,33,16,11,30,21,8,11,14
121,27,21,13,33,16,7,12,5,12,8,18,33,11,27,20,14,22,33,26,28,16,8,12,20,14,28,32,14,8,18
122,12,23,21,34,25,28,22,14,11,20,13,16,16,14,34,21,10,15,17,6,27,10,23,31,17,14,15,20,28,21
123,8,19,34,23,18,23,21,8,10,6,28,5,7,23,25,25,28,29,5,23,11,6,22,8,29,13,10,5,16,16
124,6,11,33,5,28,27,12,20,29,14,34,17,22,20,26,20,19,8,17,15,5,27,22,9,25,16,13,32,23,28
125,22,7,19,9,8,16,12,11,10,17,25,27,14,29,27,17,11,14,11,15,6,31,29,33,31,8,22,14,13,20
126,31,22,14,31,7,23,15,22,21,15,10,7,5,23,32,24,33,20,26,21,25,17,22,12,24,16,31,23,14,23
127,27,22,11,17,30,23,20,8,6,26,18,25,12,16,22,21,27,15,24,9,18,31,7,7,31,23,23,33,16,5
128,32,24,31,31,8,16,26,12,32,25,17,12,11,29,11,6,30,13,9,27,21,32,34,32,17,26,9,24,14,20
129,31,18,32,33,13,19,8,14,32,25,22,28,33,15,12,17,9,17,24,28,24,15,27,21,11,26,30,9,16,24
130,13,19,25,24,30,7,26,27,13,22,25,5,6,29,21,26,20,23,18,32,6,19,19,24,10,21,11,17,28,11
131,28,25,23,12,21,27,18,9,26,32,6,14,16,34,28,16,23,10,16,29,13,32,13,16,13,33,21,34,24,6
132,18,12,31,12,6,15,10,8,21,29,12,11,26,14,9,30,22,11,23,6,25,28,21,15,11,15,28,18,20,22
133,18,21,27,26,6,31,24,17,24,19,13,21,24,30,21,32,5,26,5,24,15,20,34,19,22,7,31,8,20,13
134,21,25,31,23,21,33,33,22,31,14,6,22,7,27,24,25,17,20,15,17,31,30,27,5,21,15,20,32,14,7
135,17,6,6,6,5,20,21,8,16,11,9,16,5,7,29,25,17,24,17,17,25,22,33,32,29,9,19,17,15,18
136,33,28,25,23,19,20,11,19,15,18,19,32,20,11,24,8,9,34,14,21,6,22,32,22,24,30,6,19,31,8
137,27,25,5,11,21,22,11,23,31,19,30,21,28,18,29,20,14,7,31,10,15,23,23,33,9,30,22,25,17,24
138,11,13,22,22,30,10,34,33,27,23,8,27,25,21,20,16,22,18,20,21,32,6,10,17,27,33,7,13,33,14
139,28,7,30,24,21,13,12,24,6,34,25,6,8,19,28,22,17,13,19,10,27,14,14,5,33,25,7,31,19,5
140,13,22,14,8,7,28,26,15,12,26,30,10,15,30,11,23,31,21,8,24,22,24,11,17,28,23,12,8,10,22
141,27,32,18,30,31,19,9,11,5,17,9,17,18,32,19,20,5,21,21,27,30,24,20,28,17,31,15,20,7,17
142,13,34,8,34,25,12,25,18,15,30,31,6,22,19,8,10,24,12,32,33,13,14,6,32,29,22,19,18,19,6
143,22,34,10,30,15,5,5,23,26,16,25,9,11,25,10,25,11,8,7,5,9,33,23,8,23,10,27,26,19,13
144,20,12,12,31,15,18,7,31,12,26,33,25,21,27,27,16,11,9,31,27,22,22,21,6,15,31,25,9,33,30
145,28,28,17,9,32,13,15,26,9,10,30,12,14,34,15,5,22,18,10,19,17,6,5,30,19,19,9,9,9,32
146,11,9,12,5,10,8,33,17,29,11,23,32,32,28,32,18,30,26,16,28,19,29,9,19,28,23,31,16,14,28
147,20,28,15,12,16,33,25,14,17,31,28,10,32,29,21,9,8,10,13,6,22,25,27,34,20,11,25,20,17,19
148,29,28,16,30,9,18,25,25,29,30,29,22,8,14,6,7,23,7,14,29,28,14,30,14,31,12,31,21,18,12
149,21,17,24,26,31,18,20,11,6,23,7,13,13,6,23,20,24,7,24,31,10,27,33,21,22,15,11,33,31,5
150,12,27,34,32,20,17,20,14,9,14,24,22,8,24,24,18,24,24,11,28,33,33,33,16,17,6,28,31,6,32
151,32,27,17,8,10,15,10,6,12,30,15,32,6,18,22,23,23,33,29,19,24,28,12,13,24,13,30,31,5,5
152,14,25,5,25,18,25,24,17,33,5,13,26,6,24,15,6,32,34,32,34,28,18,32,19,28,26,33,33,14,9
153,30,25,15,11,9,13,12,5,31,31,31,16,32,18,34,13,7,22,16,15,26,14,12,21,5,6,17,15,17,27
154,8,33,24,33,22,34,27,19,18,25,33,24,17,25,30,6,25,19,25,25,10,25,12,16,21,25,27,33,29,7
155,30,30,32,29,7,32,17,23,28,15,10,17,15,20,9,23,15,9,31,17,34,14,31,16,11,12,10,10,33,13
156,24,32,31,26,21,30,6,12,33,28,17,11,32,34,33,8,23,18,12,8,16,5,28,22,15,8,33,32,19,18
157,26,11,26,31,11,34,23,32,32,29,24,18,26,17,5,10,20,25,13,21,15,27,14,23,25,29,31,13,15,29
158,7,19,29,5,28,6,22,26,11,12,31,33,5,26,31,33,7,28,33,21,32,19,5,24,28,21,16,18,12,10
159,28,30,31,28,28,33,13,17,22,32,29,29,9,13,21,19,15,8,32,31,24,24,15,12,25,15,25,14,6,32
160,18,20,15,31,8,5,22,33,34,15,5,31,22,11,29,19,11,20,8,6,28,26,26,14,18,30,6,12,19,8
161,18,21,10,22,10,18,6,9,16,13,34,26,27,31,23,17,34,6,8,28,10,29,19,10,13,16,21,10,10,28
162,26,19,9,8,26,23,34,34,28,34,31,12,10,31,24,24,7,13,17,23,24,9,25,25,29,6,34,21,11,31
163,26,32,23,15,28,21,10,6,26,15,18,12,32,8,26,15,17,28,9,21,16,31,31,29,22,23,25,23,19,27
164,34,25,30,22,29,25,22,7,20,32,18,12,27,9,15,20,22,24,5,8,26,31,32,15,15,30,6,14,29,24
165,26,11,22,32,33,5,33,28,7,12,22,11,17,14,32,21,28,26,8,24,9,20,18,34,24,32,32,29,30,33
166,28,11,12,15,16,9,21,5,34,28,12,23,20,25,27,29,21,10,5,28,16,20,10,14,31,33,23,8,7,29
167,33,5,9,7,23,25,19,31,15,20,18,20,30,23,5,30,27,15,30,30,24,10,32,34,25,8,6,33,7,32
168,12,25,13,25,34,9,30,11,13,28,11,6,26,32,18,7,11,26,9,31,21,10,22,16,8,13,27,7,15,15
169,26,27,19,14,27,27,33,18,13,10,30,16,24,28,9,6,22,12,11,11,12,7,24,14,27,33,6,24,22,17
170,13,16,10,27,13,9,32,32,29,10,6,14,9,7,19,22,33,13,27,20,9,10,12,22,20,18,26,33,5,11
171,6,32,5,22,16,8,19,22,9,5,11,11,32,31,5,8,13,22,26,31,30,23,32,21,17,9,25,23,19,22
172,29,20,10,8,14,14,11,10,33,27,34,30,15,24,7,25,17,27,24,26,19,31,7,19,17,15,28,14,28,10
173,33,16,24,31,25,14,24,28,19,18,8,12,14,22,33,7,7,22,33,20,21,9,18,11,26,14,29,5,25,23
174,26,33,32,12,10,10,27,14,29,5,24,22,33,23,26,33,20,9,12,23,6,14,14,33,10,13,22,34,29,7
175,33,7,15,14,8,13,31,24,31,26,20,27,12,20,20,8,12,15,13,22,10,15,18,7,27,24,30,33,17,14
176,10,19,6,25,28,24,9,23,9,24,27,16,14,6,26,12,12,7,26,28,16,23,20,14,24,22,34,15,10,31
177,12,32,13,34,18,34,34,30,25,33,11,26,6,21,33,25,8,16,16,6,20,19,29,11,12,32,8,28,10,13
178,21,29,19,24,27,31,22,26,26,20,25,33,13,23,13,31,24,10,9,21,25,12,6,28,32,27,34,24,10,21
179,13,26,10,27,26,15,32,13,29,29,26,34,30,20,17,7,32,16,33,34,30,31,24,16,15,8,20,34,13,10
180,20,9,9,7,7,33,25,5,6,26,30,22,21,24,12,21,17,7,21,10,12,6,6,26,7,25,34,12,24,5
181,19,19,34,30,13,29,29,31,33,6,12,10,30,5,15,6,8,18,31,11,12,11,34,9,30,10,6,33,22,13
182,9,10,29,31,9,31,10,17,13,13,27,17,32,28,24,22,24,7,11,27,10,27,12,25,34,25,20,16,14,32
183,33,13,6,9,13,7,27,21,24,6,17,24,6,21,34,22,33,13,15,20,25,14,33,24,24,5,34,16,29,13
184,31,19,11,9,16,27,14,28,6,20,32,10,12,17,5,16,20,32,14,8,11,22,19,30,16,30,14,29,28,30
185,34,22,23,29,10,26,23,18,5,8,28,34,27,15,21,24,26,20,10,24,23,7,33,20,28,18,17,24,31,13
186,33,5,27,31,29,7,12,5,7,22,5,13,17,5,10,30,5,32,5,27,16,21,22,14,23,19,31,22,11,11
187,10,17,32,31,5,17,30,8,26,21,29,20,23,20,19,13,18,6,26,17,21,20,34,11,26,16,7,33,7,26
188,28,7,33,17,17,19,28,33,31,32,16,15,7,18,31,27,13,14,8,28,28,13,17,16,9,32,30,11,32,28
189,9,34,28,5,6,34,25,32,30,20,22,28,11,9,22,8,16,22,27,11,26,29,18,25,28,14,13,34,16,22
190,11,10,6,6,13,22,20,8,9,31,18,30,27,13,11,29,19,17,28,10,34,8,20,21,13,12,11,22,8,28
191,28,17,13,20,19,8,19,12,14,31,14,9,34,6,34,9,22,11,10,8,22,21,22,28,24,23,21,19,27,10
192,26,20,21,22,32,6,9,24,8,34,33,24,15,22,27,31,8,11,13,24,9,10,13,27,27,6,25,12,21,24
193,30,31,13,5,5,8,11,18,33,10,21,9,5,9,5,27,23,31,26,33,10,31,9,26,9,9,9,30,13,20
194,23,13,27,22,31,18,22,22,32,8,5,18,13,6,33,22,30,32,28,28,14,20,34,28,31,33,15,29,7,5
195,11,10,28,32,26,14,19,30,20,10,27,9,28,28,20,30,21,32,10,11,24,9,6,31,8,5,21,14,27,28
196,33,18,33,5,27,17,11,13,8,32,34,19,31,9,11,17,21,26,7,23,9,8,9,13,21,10,32,18,5,23
197,27,8,13,34,12,23,10,19,17,29,5,15,24,20,31,12,21,6,19,12,7,29,14,21,32,7,24,31,28,25
198,16,25,24,20,10,8,15,32,13,25,13,7,7,28,18,18,11,7,20,31,15,27,26,34,26,10,34,29,23,7
199,19,21,11,31,32,26,9,8,10,8,6,18,9,17,14,27,25,27,11,7,33,17,22,20,10,13,17,14,10,11
200,23,24,30,13,32,26,21,20,11,19,25,20,10,34,8,8,22,5,27,24,6,30,6,33,17,11,10,16,18,11
201,21,15,10,23,22,10,18,30,31,22,10,33,19,19,20,10,21,19,30,17,32,21,14,18,8,19,9,28,12,23
202,14,16,29,13,22,23,16,13,9,9,18,15,32,6,33,26,21,6,34,19,15,10,31,21,32,19,5,28,14,24
203,5,6,12,19,29,21,13,34,18,9,18,25,34,23,16,30,32,17,9,9,13,5,7,31,31,23,26,24,18,23
204,25,7,11,20,30,8,6,29,27,23,25,5,25,23,26,23,32,5,11,6,25,33,12,23,28,25,21,10,10,20
205,8,10,21,8,33,5,13,10,6,28,20,12,17,15,16,28,28,33,23,32,16,19,29,33,20,8,25,29,31,12
206,23,8,6,9,34,13,33,8,10,24,12,14,5,14,15,13,24,16,6,14,7,23,25,33,22,6,10,11,6,9
207,5,22,19,7,15,23,8,13,5,24,17,12,31,20,21,20,22,19,32,5,28,10,22,5,25,24,18,30,5,31
208,31,17,10,32,33,12,28,13,25,8,5,28,18,24,11,24,19,21,33,29,33,32,21,24,34,31,6,28,26,27
209,9,27,15,22,31,27,31,18,15,33,32,32,29,18,8,15,13,17,21,12,33,7,6,5,19,20,23,6,21,8
210,15,17,5,26,13,11,24,10,19,5,6,8,27,15,14,23,30,28,11,7,21,10,8,16,8,12,22,23,19,17
211,17,29,26,19,22,24,16,10,22,34,31,17,11,5,5,30,14,11,29,30,20,33,6,27,10,10,20,16,13,20
212,27,22,30,19,10,25,12,13,27,24,13,9,15,12,26,17,5,21,10,14,7,29,23,25,26,29,12,16,30,18
213,22,5,33,24,11,18,5,24,15,13,30,15,17,30,32,32,28,9,31,32,11,34,15,5,16,34,13,23,10,22
214,8,7,30,19,17,15,27,19,28,22,14,11,20,9,19,15,19,5,6,16,28,9,28,26,20,22,15,19,33,29
215,20,25,29,24,27,28,6,34,19,9,5,25,5,13,15,30,23,34,29,20,31,28,5,14,34,25,28,23,17,29
216,7,19,22,24,12,24,32,18,24,29,5,5,24,10,12,32,11,12,22,9,7,27,32,7,16,9,8,14,11,29
217,23,33,13,33,12,29,7,32,32,16,9,32,5,13,5,31,11,10,29,16,33,11,17,24,11,33,22,27,25,15
218,14,15,6,18,12,26,20,19,33,11,12,28,27,23,34,20,27,34,29,16,30,7,33,9,33,22,27,32,24,22
219,24,28,15,18,28,22,22,19,17,16,13,14,9,33,34,20,20,18,7,11,10,24,32,26,7,28,10,10,25,29
220,10,34,10,33,10,18,34,13,21,24,33,24,14,18,14,30,26,28,32,25,6,7,15,23,6,30,9,31,25,14
221,32,25,19,20,31,27,30,23,19,11,10,17,22,20,33,11,22,5,19,16,20,7,34,33,8,17,18,23,34,15
222,16,22,15,7,17,33,13,16,24,21,6,25,28,10,28,27,17,14,34,6,17,29,21,16,13,23,9,19,9,25
223,5,13,17,26,21,13,28,16,6,17,16,11,18,28,24,27,5,27,9,30,21,13,31,29,25,17,29,17,33,11
224,11,30,7,10,27,33,17,29,33,17,29,26,12,26,22,23,20,16,19,5,9,25,33,8,8,17,17,5,24,15
225,19,7,17,9,20,17,30,23,21,25,25,9,21,34,16,33,28,29,8,8,18,14,31,17,24,24,29,11,7,23
226,26,8,29,17,16,10,6,17,31,20,33,22,17,16,30,27,30,21,32,25,8,7,21,25,10,25,28,15,16,6
227,26,12,6,28,12,20,21,27,15,27,23,19,34,27,34,7,31,12,16,32,20,7,11,34,27,24,18,24,27,23
228,21,27,27,9,25,22,18,9,34,14,33,29,27,19,13,14,15,28,18,25,16,12,11,32,26,8,23,26,14,6
229,25,5,24,26,14,23,34,29,15,21,22,15,31,5,21,32,15,11,30,31,32,11,33,11,18,10,27,34,34,19
230,16,18,24,25,8,24,24,10,33,10,8,9,32,18,32,10,32,24,31,25,19,9,34,26,27,29,33,34,34,12
231,12,11,27,9,18,23,8,32,16,10,15,23,34,23,10,7,13,8,18,26,17,15,25,18,11,7,24,8,24,30
232,16,10,16,30,22,17,6,31,11,28,30,17,26,20,18,19,16,5,33,31,12,18,25,20,13,12,34,34,33,11
233,25,9,16,8,8,6,17,26,30,27,8,30,13,31,25,18,14,18,12,33,28,14,26,5,8,34,19,7,10,15
234,14,7,32,11,31,6,15,23,11,32,18,29,9,10,6,17,14,6,27,15,32,18,16,32,11,31,9,6,16,31
235,11,15,18,20,34,20,7,23,29,26,25,9,34,31,33,24,13,25,13,32,14,9,17,19,13,25,26,29,16,20
236,16,24,19,26,9,25,29,25,26,26,5,34,27,33,34,8,30,34,18,12,5,12,26,16,28,10,29,28,11,21
237,18,12,15,34,14,33,9,22,6,10,24,18,28,14,5,13,14,34,32,21,31,18,24,32,28,18,13,28,14,14
238,31,7,15,25,30,9,20,5,31,16,26,7,12,15,16,11,17,25,34,19,21,11,32,16,6,20,17,13,24,15
239,14,15,6,34,33,29,10,10,14,27,6,34,19,6,30,15,13,5,13,33,25,22,11,28,32,24,32,33,8,21
240,9,29,26,20,20,11,32,25,18,31,20,8,18,28,22,27,15,31,19,6,10,32,9,12,8,6,29,27,25,22
241,12,18,25,7,25,17,34,32,22,7,27,14,26,15,19,6,9,11,26,29,7,34,21,31,33,5,32,19,21,10
242,16,25,14,26,29,15,22,27,28,27,7,6,9,17,32,34,27,16,9,32,25,8,11,19,25,7,34,17,31,33
243,13,21,8,7,19,20,29,28,31,31,9,20,12,34,26,32,10,12,34,27,34,13,19,12,12,21,24,11,29,15
244,20,11,27,12,16,16,22,16,34,34,11,30,22,22,14,28,7,14,13,15,8,19,28,11,27,13,25,14,22,7
245,5,5,18,14,20,20,17,25,15,29,32,20,34,30,23,11,5,28,7,15,9,6,26,31,9,24,7,8,22,11
246,30,26,29,20,10,25,25,22,31,9,20,17,29,18,15,25,11,20,12,29,19,22,29,34,26,14,25,14,25,7
247,7,8,16,31,5,15,11,17,29,25,7,10,22,33,20,28,31,18,34,11,20,6,7,22,31,16,34,25,25,10
248,5,12,27,18,6,31,29,10,27,26,21,32,7,8,28,7,7,12,29,20,12,10,25,29,20,22,25,7,16,7
249,29,29,15,6,22,27,8,16,17,23,5,28,23,26,20,8,5,33,34,7,9,28,23,20,23,30,31,9,6,8
250,24,25,14,12,6,32,12,10,28,29,33,15,9,34,34,30,18,30,29,31,14,17,30,15,23,22,28,18,34,11
251,10,6,5,28,23,7,5,27,16,6,13,10,5,20,5,24,6,26,17,19,32,18,31,27,31,5,19,15,13,33
252,33,25,28,17,9,22,28,19,7,22,16,31,9,15,29,21,15,14,31,17,9,7,24,24,8,28,6,25,34,12
253,6,34,28,19,10,22,11,22,31,33,20,32,23,20,29,9,9,13,31,6,24,34,16,24,10,33,24,33,28,6
254,14,24,19,22,17,18,25,20,22,24,9,27,19,28,19,10,26,9,25,7,7,10,13,12,34,13,11,33,30,18
255,29,32,34,11,17,17,11,21,29,16,19,22,23,24,5,25,32,17,5,28,20,23,12,31,20,19,10,33,17,5
256,10,34,33,12,19,8,6,10,23,17,31,7,5,25,21,30,13,6,16,25,31,34,5,9,23,17,5,20,33,16
257,12,10,15,25,24,13,28,20,28,10,34,10,24,15,14,30,20,13,7,6,29,22,13,22,18,20,21,25,31,30
258,26,34,16,14,18,24,17,28,33,25,34,33,15,6,5,13,12,10,5,29,15,16,9,26,6,15,17,7,18,26
259,26,23,15,11,23,31,33,24,27,8,14,25,21,18,8,21,30,30,23,25,29,23,5,16,19,27,7,26,10,15
260,20,12,27,24,10,24,19,29,16,32,15,31,15,23,19,20,17,11,22,16,32,21,32,26,10,16,28,6,5,20
261,29,10,20,22,18,24,25,20,11,20,28,8,17,20,22,9,25,16,8,22,33,24,27,15,29,33,29,34,24,10
262,17,21,11,13,33,11,18,25,28,23,22,7,8,32,9,24,6,29,31,33,33,27,5,30,16,15,10,9,25,19
263,5,20,20,14,34,15,33,15,31,13,14,25,21,12,30,25,22,32,22,28,20,21,20,20,31,5,18,9,9,21
264,27,26,27,27,25,6,15,22,30,26,29,11,27,33,30,18,5,13,20,5,7,6,6,25,17,20,27,17,11,10
265,23,25,23,21,5,32,29,6,26,7,27,18,21,23,22,18,30,31,21,31,11,18,21,12,19,11,20,23,20,23
266,18,7,10,15,14,28,18,30,33,20,15,20,25,22,10,13,34,24,21,29,16,31,25,27,7,12,12,27,7,33
267,12,8,10,34,17,27,26,19,19,10,12,28,33,12,10,7,33,6,25,6,34,17,26,17,33,6,31,25,11,6
268,31,8,20,23,28,8,14,33,17,11,21,15,23,26,13,5,24,7,11,34,26,12,16,29,12,29,31,8,9,31
269,16,18,33,20,18,31,8,25,15,24,17,24,22,8,24,15,32,30,20,18,14,33,14,28,32,21,27,13,24,20
270,32,19,18,27,31,5,13,7,19,15,26,18,27,11,8,8,22,28,9,14,15,32,16,34,14,10,27,34,17,29
271,19,26,15,13,29,31,34,14,5,18,14,9,30,25,15,19,24,18,22,23,22,25,32,21,33,13,16,34,24,8
272,16,26,26,14,22,10,28,29,33,22,28,27,13,11,21,28,10,29,14,25,28,22,25,22,19,8,12,19,6,27
273,8,28,12,10,17,24,16,10,29,30,32,18,8,13,32,21,30,19,29,32,34,27,25,32,32,12,7,9,18,34
274,25,23,32,24,31,31,29,22,13,32,23,28,25,10,17,7,28,13,7,19,32,18,33,17,20,21,13,5,11,29
275,33,5,30,30,8,32,13,31,12,32,26,29,30,13,27,25,18,24,32,6,5,6,25,24,7,32,30,30,17,33
276,22,14,13,29,6,22,27,17,22,13,9,28,30,33,29,5,12,23,9,24,30,32,12,30,33,34,33,9,6,28
277,24,12,13,23,31,12,17,11,34,26,23,9,20,10,27,19,16,31,28,25,20,24,31,10,15,16,14,21,8,23
278,5,30,28,20,14,33,27,23,19,5,10,23,13,8,29,17,22,10,5,8,6,33,32,32,26,32,28,16,25,31
279,24,10,10,17,10,13,8,20,18,22,27,23,9,34,32,25,28,33,7,33,13,13,20,28,34,23,28,32,16,24
280,27,11,19,9,5,29,30,10,18,15,14,23,16,17,31,10,6,5,16,7,19,21,26,21,22,34,34,24,16,21
281,11,6,22,23,8,24,7,21,29,33,16,29,26,32,14,16,17,25,29,6,27,13,24,28,32,32,25,13,15,9
282,34,27,16,18,12,25,29,19,26,14,34,10,11,19,23,29,6,13,16,29,34,14,33,22,5,25,30,8,5,22
283,6,12,12,15,18,19,28,7,9,24,32,29,25,6,12,29,29,34,11,14,34,13,6,31,27,34,13,12,11,28
284,14,21,15,12,26,11,26,9,20,26,6,22,6,30,34,22,11,26,11,28,21,21,10,24,16,22,20,5,28,5
285,21,28,12,16,22,24,14,24,13,15,5,25,12,19,11,32,34,16,32,19,8,15,21,22,32,15,15,5,19,33
286,6,32,7,25,16,10,29,17,30,17,17,29,33,17,22,33,32,16,29,29,22,18,24,16,8,30,9,34,30,33
287,14,18,26,15,24,33,22,7,33,33,29,31,30,18,25,31,30,26,12,22,31,31,22,16,31,24,30,21,17,28
288,8,30,23,34,21,27,11,13,29,24,23,33,5,23,26,31,17,31,13,11,26,26,10,12,7,14,8,29,26,15
289,27,5,25,16,13,9,30,16,22,17,12,19,29,15,11,18,6,31,33,29,6,11,19,31,12,34,9,9,24,20
290,10,16,28,28,17,24,23,33,20,13,28,10,5,13,20,27,26,22,17,24,6,21,15,27,21,8,19,25,29,32
291,32,25,19,18,21,26,23,34,25,33,29,19,26,13,24,18,33,16,33,8,20,24,21,32,9,25,5,26,6,25
292,20,8,32,7,32,30,24,17,5,25,12,6,11,33,5,18,34,32,18,19,34,6,16,25,25,21,22,16,28,27
293,14,11,25,30,30,12,5,19,25,9,27,12,22,5,16,30,33,10,17,5,9,23,17,15,20,27,26,14,22,7
294,12,23,26,17,8,9,29,17,25,33,6,10,21,33,18,26,27,28,8,22,31,29,9,15,21,16,33,32,34,8
295,33,31,24,19,33,31,31,34,19,7,30,11,21,20,8,14,17,34,27,16,7,8,14,24,27,20,22,6,17,22
296,8,31,34,30,26,31,21,20,21,24,27,11,5,30,17,34,16,11,34,34,21,19,14,14,25,9,24,26,30,24
297,8,12,28,32,17,10,12,5,23,32,6,23,21,25,6,26,14,15,16,27,11,9,32,27,27,5,23,12,7,5
298,21,19,6,10,22,7,33,30,7,29,8,20,24,27,16,18,17,31,15,23,14,10,15,20,23,13,27,18,18,25
299,17,6,24,33,5,10,12,28,6,13,18,31,30,29,28,5,10,9,19,33,6,31,9,33,23,31,32,13,13,25
300,5,30,20,5,10,21,7,33,29,6,22,6,6,32,15,28,20,18,24,27,26,21,19,28,23,13,20,31,24,13
301,12,28,27,33,28,20,15,8,28,31,14,34,13,23,28,8,13,9,24,15,8,29,19,22,33,24,30,12,27,11
302,32,33,13,5,14,22,34,17,32,9,6,13,16,32,26,31,12,20,20,9,26,11,29,13,15,7,16,12,30,26
303,12,31,22,18,28,19,8,24,16,10,25,9,26,23,30,7,32,16,32,24,26,20,5,14,20,24,20,18,21,18
304,21,29,14,20,27,25,30,30,26,7,10,21,15,23,22,14,28,32,13,9,31,19,23,22,18,10,19,10,12,7
305,9,32,19,16,21,22,17,5,27,22,22,18,13,11,27,20,18,7,32,8,5,34,12,15,28,21,12,11,17,11
306,28,16,15,25,17,10,7,15,23,31,17,5,31,8,16,5,5,14,8,26,24,25,33,8,6,19,7,18,9,9
307,34,13,27,24,31,23,32,6,33,8,7,23,23,9,10,27,23,5,28,23,13,27,20,28,14,9,30,10,32,26
308,13,26,27,33,21,14,31,21,33,12,31,28,9,24,34,22,7,15,34,33,25,12,13,29,11,31,7,33,16,7
309,8,14,31,34,16,34,16,25,9,24,33,21,30,26,32,6,9,19,24,8,26,6,10,11,12,30,19,13,24,20
310,17,31,30,11,6,5,32,33,30,28,26,31,25,30,26,34,26,34,16,31,27,26,23,7,20,14,7,6,10,23
311,5,33,22,28,20,31,27,14,29,19,10,6,30,28,6,17,26,26,11,19,32,32,7,19,26,19,5,8,30,19
312,26,13,11,15,24,14,14,12,24,15,6,16,28,24,11,20,34,18,22,15,8,15,17,13,17,21,24,23,14,11
313,7,7,12,28,18,16,13,16,16,28,10,18,33,12,23,23,29,26,18,6,29,9,6,34,20,17,19,24,29,34
314,8,21,5,6,24,27,14,32,10,10,27,24,11,30,31,14,5,28,9,13,9,33,22,27,13,24,32,21,18,20
315,11,8,30,14,23,34,11,12,5,17,7,32,7,23,5,21,31,10,20,15,7,12,23,27,26,5,22,23,19,27
316,32,27,9,31,14,14,29,34,16,12,19,16,16,27,17,34,17,9,7,24,17,30,16,30,15,9,6,5,16,30
317,5,31,26,30,5,29,7,29,20,34,7,7,26,6,5,33,30,34,6,15,8,21,28,21,22,5,15,20,23,28
318,31,25,15,25,11,14,9,15,30,9,17,30,24,28,9,19,34,30,29,10,31,26,34,27,7,10,17,14,6,23
319,30,9,26,22,10,31,9,19,27,31,29,23,18,23,9,17,10,27,13,21,33,16,24,20,20,20,34,5,28,5
320,15,14,23,12,12,29,28,6,23,30,9,15,23,7,27,19,30,14,18,22,23,30,15,24,20,13,13,21,19,21
321,10,30,14,13,32,11,14,5,26,29,34,22,24,31,20,19,34,32,15,30,26,16,24,14,22,22,23,12,12,11
322,26,24,24,8,9,27,19,21,20,26,19,19,31,11,24,34,14,17,7,33,7,31,20,9,29,14,11,12,33,27
323,23,30,12,29,29,32,18,7,18,34,14,9,8,10,29,16,23,17,5,16,7,9,20,14,7,10,6,25,11,13
324,19,17,22,14,5,26,14,7,6,28,24,24,26,11,18,9,14,24,12,15,34,6,15,23,21,29,17,8,15,5
325,20,20,13,29,10,11,12,7,9,31,9,13,32,31,27,32,10,5,22,31,17,22,18,7,31,18,31,28,12,30
326,9,5,14,6,19,24,32,26,8,18,21,10,16,21,28,8,32,29,26,16,18,12,28,31,27,19,24,19,15,15
327,17,30,5,11,19,32,13,6,34,14,32,30,13,8,14,10,28,14,22,25,10,22,5,28,32,29,7,29,21,22
328,6,6,9,10,26,31,23,23,19,24,21,34,21,21,8,15,29,11,32,5,29,34,14,8,11,12,33,7,16,26
329,25,10,17,10,12,12,7,7,12,27,10,18,29,13,12,6,24,29,28,14,29,9,29,30,5,8,24,31,12,31
330,16,18,5,28,17,27,24,32,26,29,6,5,26,8,6,25,7,29,14,30,7,29,20,14,30,13,10,10,32,28
331,31,19,25,6,19,5,5,29,12,20,21,8,19,13,29,22,24,25,27,19,30,28,24,14,32,10,33,21,11,7
332,18,22,25,6,16,23,13,31,20,21,5,24,34,34,28,18,34,30,5,33,16,28,21,17,22,11,28,23,26,23
333,34,7,16,18,24,14,20,5,12,26,10,12,11,25,14,12,33,22,32,25,20,5,9,28,28,10,20,6,11,7
334,25,25,19,29,20,5,5,5,11,15,34,27,24,22,28,14,25,16,31,15,16,31,30,19,26,30,23,34,7,32
335,21,7,14,20,30,11,29,31,12,21,7,13,27,25,27,20,19,26,8,9,22,24,8,18,18,28,26,29,13,30
336,33,19,13,32,17,14,6,24,21,12,11,33,31,9,26,12,23,26,34,8,9,11,12,9,8,31,5,17,29,13
337,7,30,9,22,27,5,21,34,22,17,15,29,20,7,23,14,32,24,29,25,15,8,34,12,17,18,23,16,11,16
338,33,32,24,13,19,20,27,13,29,17,21,28,24,8,9,20,11,5,29,7,27,5,25,26,14,33,13,7,30,13
339,29,20,23,32,30,8,21,17,10,31,7,28,9,20,33,18,17,30,6,11,13,16,21,13,15,7,20,24,10,23
340,23,19,23,33,14,24,5,12,28,27,18,16,13,24,33,25,26,20,24,19,6,27,7,5,25,12,9,15,11,33
341,12,20,17,11,22,18,17,9,22,17,16,19,22,21,32,24,6,18,8,17,17,26,21,8,19,28,7,20,25,21
342,11,34,32,10,5,25,21,17,7,17,7,32,31,8,6,20,18,6,14,32,19,34,29,16,26,32,30,25,10,27
343,22,5,7,23,10,23,31,8,15,28,7,8,31,6,30,24,27,5,28,30,30,10,9,18,13,18,23,34,28,12
344,11,11,31,20,26,10,18,34,33,19,15,30,32,23,5,10,21,19,15,5,26,24,21,31,26,29,13,19,24,18
345,31,14,32,34,6,23,33,14,24,7,18,25,33,26,18,9,15,22,13,14,25,23,9,10,32,14,29,9,6,15
346,20,29,8,33,11,21,29,18,28,18,26,23,21,19,9,24,7,30,6,14,24,22,14,25,5,9,24,12,31,16
347,6,32,29,15,15,9,8,15,24,26,18,29,8,12,34,34,10,14,14,9,28,27,14,14,12,21,30,16,32,8
348,23,12,19,5,10,31,18,22,7,33,14,13,15,12,12,19,25,32,28,31,11,15,14,34,31,12,32,30,24,33
349,24,5,28,7,9,34,7,24,26,17,28,28,14,8,8,24,31,19,24,20,16,33,33,21,22,31,14,24,20,8
350,30,24,13,6,26,27,13,16,26,24,27,26,25,13,8,9,34,24,21,16,11,29,34,30,5,15,29,19,24,7
351,15,18,33,16,17,11,19,25,26,22,22,31,17,12,6,9,6,22,5,8,31,27,22,17,20,16,15,33,13,24
352,29,32,12,23,5,29,25,10,31,6,33,7,15,11,34,10,18,25,11,10,28,7,33,27,21,34,23,8,15,16
353,17,29,11,19,29,16,23,6,27,25,14,26,13,19,12,11,15,25,7,22,12,7,8,26,14,18,25,11,30,27
354,33,11,8,28,23,30,24,19,20,26,27,11,21,24,18,14,22,25,13,33,7,27,26,30,28,11,19,7,27,6
355,25,16,26,9,11,7,6,18,6,28,7,15,6,13,7,11,20,15,14,12,7,9,34,26,14,16,18,31,29,34
356,15,14,25,32,32,28,14,9,32,33,12,14,23,8,32,20,17,11,33,5,32,32,33,10,27,9,5,26,9,21
357,16,7,28,23,22,13,16,27,25,31,32,27,21,28,5,16,15,5,14,22,28,18,23,5,32,26,15,34,12,6
358,13,7,12,13,5,33,20,20,14,13,6,32,8,32,11,29,30,29,34,16,32,8,18,30,7,6,26,33,13,8
359,28,9,9,6,18,30,9,30,18,20,17,34,24,30,19,18,8,28,8,19,13,21,27,17,31,29,19,29,24,33
360,13,24,8,20,27,29,9,13,30,30,5,18,19,23,17,29,9,24,7,17,31,27,22,9,10,8,28,11,16,13
361,30,27,18,31,34,11,20,6,18,18,31,11,24,24,12,16,23,26,20,26,6,25,24,7,13,24,25,28,17,17
362,5,5,32,30,15,17,11,11,16,26,9,34,13,28,25,21,13,27,22,21,23,21,10,18,10,28,12,31,21,11
363,30,23,27,13,18,10,21,27,25,17,25,23,9,30,27,9,22,18,25,20,34,14,27,7,20,21,18,33,16,18
364,25,25,27,27,11,20,8,10,23,11,24,17,24,8,14,27,27,12,32,15,28,13,24,31,34,15,9,5,19,8
365,10,8,14,15,28,20,29,8,34,8,33,31,25,10,32,14,13,15,29,13,31,24,24,18,7,16,23,13,23,12
366,22,9,23,9,23,19,7,12,13,21,9,18,10,31,6,11,8,34,31,31,14,23,11,9,20,8,34,6,12,17
367,8,24,16,17,33,32,20,20,20,15,10,19,28,5,17,17,26,24,20,34,18,32,25,21,19,11,16,11,20,31
368,25,20,18,17,27,11,11,27,28,16,18,21,33,15,19,13,16,13,8,25,32,16,30,13,11,13,27,9,6,28
369,33,18,30,24,6,12,10,30,34,19,26,16,23,28,33,18,33,9,22,5,22,7,29,31,23,8,9,21,14,22
370,24,32,13,20,20,34,22,19,23,12,24,25,16,25,12,28,7,27,28,7,14,8,19,8,11,18,8,26,27,21
371,28,14,16,15,14,23,25,9,21,20,24,18,31,7,34,31,16,34,20,20,28,34,16,14,28,30,33,20,31,13
372,31,24,24,31,17,20,31,31,13,12,17,31,9,15,7,10,8,18,16,27,15,24,7,10,30,23,24,24,7,26
373,13,11,25,26,27,22,12,11,9,12,5,29,26,24,32,27,29,33,26,6,7,33,33,26,9,9,8,24,19,28
374,6,26,24,34,23,5,25,22,26,26,31,8,19,8,27,7,18,13,18,23,26,20,26,7,9,30,27,5,31,15
375,28,26,23,16,10,14,8,14,5,7,19,25,27,16,25,19,12,5,28,24,8,15,24,5,9,7,21,22,8,25
376,22,18,27,11,20,26,19,24,27,17,16,16,7,9,34,30,23,28,15,22,28,26,9,22,5,32,9,6,7,8
377,32,16,13,15,19,18,32,9,32,26,23,31,9,34,31,20,28,19,7,31,28,14,9,15,16,18,22,14,26,13
378,25,20,11,6,29,33,24,5,34,9,15,15,23,22,22,29,32,15,13,24,24,17,5,8,30,28,20,17,33,28
379,15,25,18,12,15,32,26,18,14,22,10,23,13,20,30,11,5,10,28,27,20,26,20,21,17,29,24,22,8,14
380,19,22,14,33,9,5,27,15,12,31,6,25,13,11,25,32,34,31,12,17,10,14,13,25,15,34,20,17,26,18
381,22,27,9,16,26,22,29,24,6,34,24,20,34,25,28,10,10,16,31,13,5,13,10,15,12,6,23,29,12,14
382,6,17,8,29,30,33,16,22,8,33,8,23,18,33,28,19,23,12,13,25,24,21,21,29,11,10,16,16,28,6
383,27,20,33,25,11,7,26,13,9,26,6,33,14,34,16,20,8,7,10,13,24,25,20,30,29,22,31,19,18,15
384,30,27,5,23,31,25,23,9,34,19,21,18,20,20,8,24,14,8,11,17,6,5,34,26,32,9,16,13,21,6
385,29,22,10,10,5,21,12,24,8,28,22,20,25,5,31,31,24,32,11,17,22,6,5,28,26,31,23,25,13,22
386,25,26,17,30,27,30,15,18,12,21,8,31,16,12,32,5,6,11,6,12,33,8,33,18,28,29,14,5,32,16
387,32,20,14,11,33,17,6,26,18,16,26,18,9,11,27,17,20,13,27,33,22,24,26,12,17,29,9,29,9,13
388,5,32,12,17,15,27,7,22,19,14,6,29,21,28,9,16,27,20,34,20,27,26,27,27,33,13,12,25,25,8
389,24,21,20,15,11,13,28,11,9,17,21,28,16,28,20,12,8,26,24,32,18,15,23,11,19,24,18,24,12,21
390,20,7,27,27,19,9,20,26,31,22,9,29,13,16,22,20,7,10,21,7,23,19,9,17,18,24,21,28,12,6
391,19,32,5,32,30,33,28,31,6,10,19,13,11,21,18,14,5,24,5,7,22,7,9,32,27,23,28,25,22,14
392,9,18,17,34,5,32,10,14,10,10,22,8,16,27,22,29,21,13,5,9,6,9,9,34,5,10,30,24,23,21
393,30,32,30,5,23,24,20,5,10,17,20,9,11,26,7,10,17,17,32,14,11,22,33,14,21,23,16,18,8,20
394,8,16,8,24,34,13,8,34,32,30,10,14,12,11,33,18,22,14,14,30,18,8,25,6,23,32,32,19,7,31
395,21,23,21,13,11,31,11,24,26,14,10,6,31,13,5,21,29,17,10,25,22,11,20,5,24,23,15,12,11,6
396,25,22,12,19,19,33,6,11,16,13,15,34,15,17,6,14,30,28,12,23,33,12,7,29,29,14,18,15,34,28
397,22,20,20,6,23,29,29,22,28,30,9,14,21,28,10,10,31,11,24,26,24,23,16,17,7,24,23,17,16,28
398,21,32,11,24,6,32,29,14,22,22,10,8,12,27,14,25,11,20,32,33,31,33,17,29,18,5,15,6,8,13
399,15,24,26,34,31,22,25,8,12,11,15,10,6,27,15,12,5,27,25,20,24,33,19,16,12,31,12,9,19,17
400,24,7,9,32,17,34,30,27,34,24,20,19,16,31,8,18,20,8,25,30,33,10,9,15,29,29,33,9,25,18
401,24,13,15,30,33,13,33,27,20,15,30,33,10,21,25,20,30,25,34,30,15,18,9,17,30,24,34,17,5,25
402,9,22,13,23,26,18,8,21,9,15,6,19,21,8,10,29,24,6,33,9,30,18,12,6,21,18,25,17,24,28
403,34,12,17,18,33,25,14,26,12,13,12,5,34,26,25,10,5,13,33,13,5,28,34,20,30,12,33,13,23,12
404,34,21,32,14,33,9,25,18,19,25,12,7,30,12,19,25,26,26,5,27,15,12,18,33,11,21,10,30,34,28
405,30,27,30,19,34,5,11,13,6,5,32,14,30,23,5,28,20,32,32,28,15,27,8,10,7,8,24,30,27,33
406,23,34,7,32,5,23,33,30,32,7,22,20,34,8,7,25,15,22,15,16,23,9,26,34,34,11,10,27,21,6
407,6,18,34,16,9,12,29,25,30,26,33,12,30,11,13,25,18,27,33,13,30,19,25,8,20,27,12,31,15,5
408,9,30,23,20,19,28,7,22,16,32,33,27,34,23,16,12,34,8,34,25,18,19,17,13,20,20,20,31,16,6
409,29,25,8,13,18,30,26,25,8,21,18,20,12,11,21,25,13,14,19,11,31,28,14,14,14,26,9,25,17,27
410,16,11,9,30,22,14,29,14,10,20,8,19,32,20,14,5,23,17,34,22,10,32,7,28,24,24,16,29,26,29
411,8,22,6,5,25,30,33,9,16,16,28,13,27,11,28,27,8,9,5,13,24,7,33,32,26,12,28,10,21,13
412,18,16,27,7,6,28,27,24,32,8,19,22,20,17,22,12,9,30,5,33,12,14,30,21,24,17,7,25,14,31
413,7,33,5,11,30,7,5,27,34,18,15,29,25,31,10,10,9,26,8,33,18,7,30,16,33,14,8,18,23,27
414,27,5,29,25,5,19,11,6,20,11,20,31,7,17,20,10,26,26,18,34,26,26,26,33,5,19,27,13,10,19
415,14,19,6,31,13,23,27,27,14,24,12,16,6,24,10,23,30,27,24,12,25,21,27,5,27,6,19,31,8,26
416,18,16,5,17,32,11,6,10,31,20,25,14,5,29,30,28,15,7,33,16,31,32,29,6,25,32,18,9,27,24
417,8,17,17,5,9,11,7,29,31,14,31,13,19,5,20,7,13,14,19,26,7,12,11,19,29,17,21,19,6,24
418,33,33,24,31,5,24,8,29,21,16,24,34,23,6,18,8,32,9,26,14,6,23,9,22,18,11,14,15,10,23
419,22,21,23,15,11,31,18,27,27,26,15,31,24,9,32,21,12,9,24,25,12,29,7,17,34,10,31,13,32,17
420,31,16,7,31,7,22,10,31,8,17,9,10,30,11,20,25,18,31,31,16,26,16,7,8,11,16,30,31,30,10
421,19,33,29,31,34,14,12,20,8,28,16,34,12,21,25,19,27,24,18,21,17,20,23,25,14,30,33,31,15,19
422,18,12,27,34,18,18,34,23,10,10,14,10,15,21,24,21,24,23,30,15,9,10,30,23,25,21,10,33,16,24
423,22,25,15,33,32,22,18,7,22,20,31,6,6,8,17,26,28,23,14,14,16,5,18,30,22,6,30,27,17,26
424,14,20,7,32,14,29,5,28,33,23,14,27,26,28,32,23,28,23,16,11,26,13,11,13,32,20,20,16,28,22
425,20,11,9,22,12,31,11,13,18,16,6,7,18,22,14,6,11,30,13,22,31,30,22,30,13,12,15,14,29,21
426,31,21,13,17,26,5,29,29,6,19,16,5,18,14,12,20,22,18,33,7,29,28,31,22,23,29,11,6,32,12
427,10,25,27,29,7,28,10,6,23,11,32,12,23,26,34,16,9,28,7,10,29,29,25,10,30,29,15,17,19,14
428,33,9,14,30,26,26,26,27,13,12,26,13,28,34,32,22,15,17,11,16,14,17,31,17,32,12,6,28,24,28
429,28,10,29,23,26,8,24,31,19,12,24,17,16,22,6,31,8,24,8,8,33,12,7,33,32,14,10,6,33,13
430,18,28,29,33,32,14,31,28,34,33,7,29,22,19,22,22,10,5,29,21,25,14,32,28,30,19,32,27,16,5
431,33,28,8,33,16,30,15,10,27,31,5,34,32,9,31,9,27,16,9,31,8,26,10,23,7,33,30,13,30,28
432,31,22,33,28,12,33,26,22,26,7,17,12,33,9,18,23,12,13,23,16,14,13,5,8,12,14,22,19,13,26
433,29,14,11,16,14,24,30,21,7,23,22,15,25,17,8,27,33,24,14,8,29,27,12,26,5,17,34,20,21,11
434,15,34,24,11,6,7,12,23,23,29,22,29,20,30,5,32,32,23,15,27,30,16,9,5,32,12,27,29,8,6
435,16,25,11,10,27,26,7,7,26,34,26,11,13,34,22,20,32,34,16,31,30,32,12,22,16,33,15,13,21,26
436,6,25,12,8,5,15,6,31,6,9,29,26,27,6,6,24,10,16,7,10,31,26,8,19,5,16,30,7,5,28
437,26,11,11,22,20,10,16,18,16,5,8,22,19,29,33,29,12,31,16,15,7,31,33,14,13,26,11,11,19,10
438,25,10,6,21,33,12,8,12,33,8,15,6,5,26,28,33,13,32,28,26,11,23,11,17,6,26,5,32,11,23
439,31,25,30,10,31,6,29,33,20,12,31,31,30,24,23,9,24,9,7,24,18,19,19,21,19,20,15,27,28,13
440,29,34,20,10,30,14,26,17,9,14,8,12,6,32,9,29,12,32,34,26,34,13,32,28,10,32,22,30,15,32
441,28,13,5,25,20,30,20,21,12,32,33,8,8,26,33,11,23,31,33,33,6,15,17,27,20,20,11,26,5,14
442,22,22,22,29,6,10,18,31,34,10,34,11,25,30,8,18,5,10,23,19,14,5,25,23,6,8,17,20,8,17
443,5,18,8,8,9,25,6,20,29,17,15,13,14,29,20,28,21,21,32,22,16,22,27,28,12,27,23,16,9,14
444,29,17,27,31,25,24,25,29,22,22,31,28,25,8,8,34,19,20,10,28,6,17,30,26,22,5,6,8,7,9
445,11,29,31,5,16,17,6,33,26,7,11,31,8,34,26,19,11,27,32,19,20,9,6,23,5,27,20,17,31,24
446,13,32,7,23,21,34,27,30,15,6,7,15,5,19,14,30,18,7,15,28,30,27,16,25,7,33,12,6,13,7
447,25,17,22,32,14,19,21,14,26,28,16,29,13,29,29,21,11,29,21,12,16,22,6,28,6,8,11,28,14,17
448,17,5,18,25,17,32,14,17,19,25,12,10,25,9,32,24,23,31,13,23,22,34,13,20,26,10,23,24,16,27
449,23,18,19,31,21,21,32,12,5,27,9,32,29,11,33,32,29,8,5,29,13,30,6,31,19,19,6,22,5,6
450,25,14,19,12,24,25,18,19,8,34,31,25,6,13,15,20,30,25,31,18,24,9,28,24,31,30,5,23,18,12
451,27,13,26,14,5,7,21,22,31,25,12,10,14,29,15,13,14,19,31,18,20,30,17,5,5,17,22,31,23,27
452,25,18,6,26,29,14,13,24,32,10,31,26,17,9,5,11,33,25,20,19,34,12,24,28,29,14,22,24,20,22
453,10,29,25,33,24,9,16,18,26,24,24,10,22,23,13,27,33,23,23,20,12,19,17,6,10,11,23,17,24,7
454,25,18,29,6,21,17,26,15,6,32,21,20,22,27,28,10,27,10,19,12,28,15,7,24,11,29,10,14,27,14
455,28,21,16,34,22,23,13,7,9,19,6,5,19,21,30,29,20,26,17,31,27,25,17,18,26,28,23,19,25,6
456,33,14,14,21,32,10,17,16,12,20,25,10,29,30,5,13,19,20,15,9,28,22,6,12,10,15,16,16,17,23
457,20,21,11,31,22,24,30,22,24,25,31,5,21,8,17,8,7,22,7,17,26,34,8,6,32,14,16,12,33,34
458,15,34,26,31,33,24,8,13,14,31,29,30,9,26,25,13,7,7,19,11,31,8,9,20,13,9,9,13,16,11
459,18,33,22,20,27,6,27,32,10,29,27,21,17,11,17,18,31,19,27,30,8,30,23,17,11,14,27,15,6,19
460,25,32,22,25,32,20,17,5,23,31,16,26,14,14,7,25,17,8,24,15,20,34,15,26,17,14,13,13,22,12
461,19,17,24,23,27,7,20,19,34,25,31,8,19,31,32,34,6,32,29,33,15,8,28,20,6,29,10,8,26,6
462,34,7,20,23,26,15,9,29,17,11,19,34,15,34,22,28,19,6,19,21,20,26,29,21,32,28,13,29,31,18
463,9,13,9,15,10,13,33,25,16,13,34,18,30,9,8,9,33,26,30,6,11,30,31,20,11,12,9,6,15,27
464,19,19,5,28,33,18,5,19,7,16,29,20,18,15,14,18,7,7,31,8,17,14,8,26,9,5,23,17,12,26
465,15,32,33,15,22,7,15,21,8,22,21,14,7,34,16,32,9,29,28,27,12,15,27,25,12,20,33,24,32,21
466,21,29,34,32,33,25,7,13,19,19,23,24,29,16,26,28,28,13,15,13,28,21,6,13,28,22,10,24,12,24
467,32,19,14,34,23,14,26,11,19,33,34,17,21,27,26,22,8,25,17,30,26,24,21,6,34,24,21,15,9,26
468,32,31,18,17,25,17,15,15,12,10,10,18,6,30,18,33,28,19,10,21,11,29,28,29,17,29,10,17,29,29
469,7,15,17,29,27,23,19,8,15,9,8,7,13,12,10,34,10,22,19,34,13,6,7,19,21,22,21,27,23,19
470,20,21,11,22,16,10,26,23,16,22,27,32,32,24,29,9,19,24,11,20,28,13,5,30,19,7,21,30,12,33
471,33,23,29,17,24,21,10,24,27,19,5,18,12,32,18,8,26,14,34,6,6,30,5,13,33,23,10,28,34,25
472,14,6,30,34,27,28,18,16,31,7,25,34,8,17,13,12,25,7,6,34,15,27,14,21,13,34,31,34,9,12
473,5,23,23,11,30,17,28,15,9,32,9,29,6,18,20,24,19,19,15,34,8,13,26,7,27,17,25,20,12,10
474,15,13,6,12,25,20,22,25,5,31,12,20,29,13,14,25,26,6,26,32,19,32,11,28,8,20,33,18,21,7
475,32,12,32,12,24,6,30,19,14,15,10,7,27,5,8,25,34,31,30,25,33,25,11,13,23,24,15,22,21,7
476,33,15,17,24,19,15,30,6,21,34,14,22,15,30,11,8,25,34,5,18,28,28,16,26,30,30,16,34,5,17
477,6,27,8,17,18,21,15,9,34,32,15,26,28,15,11,17,34,23,32,27,18,17,8,28,11,5,33,30,11,27
478,9,18,23,28,8,27,33,20,32,11,11,29,31,25,5,31,17,32,16,20,23,26,6,17,23,29,29,27,23,24
479,8,28,24,10,14,19,6,15,22,24,23,5,20,30,12,32,13,33,8,24,33,24,34,7,7,29,6,22,9,22
480,32,8,29,21,28,16,32,31,7,32,16,28,25,21,33,18,10,19,9,10,9,6,27,10,16,33,17,26,12,16
481,10,31,16,10,18,18,30,16,25,16,23,19,13,23,33,33,34,12,25,18,11,27,11,30,34,21,6,34,12,21
482,33,11,9,30,16,15,30,34,26,19,6,18,22,6,17,20,9,29,16,10,17,19,16,22,14,34,33,5,24,12
483,20,32,31,25,21,22,20,11,8,16,21,7,23,11,5,15,33,24,12,30,26,24,21,6,16,8,24,20,19,29
484,15,25,34,9,33,26,16,10,15,18,13,8,25,13,17,5,17,16,10,8,25,32,22,12,19,6,5,19,21,19
485,22,23,8,23,22,18,17,16,19,10,10,6,20,26,14,25,14,14,12,21,31,27,20,33,27,34,9,18,11,29
486,20,25,5,6,16,17,5,25,6,7,13,14,14,28,8,6,10,28,6,9,27,30,15,20,33,18,20,26,26,19
487,6,23,22,5,22,11,16,6,13,19,25,6,18,21,27,28,21,32,7,18,19,11,22,26,17,33,13,5,14,32
488,28,24,18,20,22,24,11,20,22,6,18,28,21,28,12,16,9,8,31,21,19,24,10,31,31,14,14,13,5,32
489,18,5,10,31,34,9,31,15,12,31,25,10,33,24,7,29,30,11,32,16,19,34,12,30,24,10,17,6,25,30
490,12,31,21,7,8,22,5,13,29,14,9,23,22,10,21,8,10,10,29,6,23,19,29,5,14,34,24,22,6,24
491,28,11,28,15,12,16,33,11,19,30,21,33,19,9,7,16,33,20,20,34,5,26,27,9,18,33,22,28,34,6
492,17,24,16,29,22,25,27,16,25,32,19,32,33,8,7,6,24,23,16,34,29,5,12,27,5,34,31,9,33,33
493,34,28,21,21,19,8,15,12,6,20,20,21,25,10,10,31,29,33,11,28,17,13,28,34,24,8,15,8,6,28
494,22,29,34,9,33,14,30,10,16,28,15,17,33,10,8,8,30,33,21,33,14,10,8,17,29,18,23,13,34,5
495,31,14,29,30,23,15,21,10,26,23,19,18,23,27,31,17,27,15,19,13,27,22,30,22,9,29,25,22,8,9
496,26,9,30,25,33,34,13,34,8,5,14,34,15,14,24,18,17,26,6,34,7,23,12,12,18,28,21,34,20,20
497,13,23,29,23,31,22,15,10,11,8,7,18,22,31,17,5,18,14,10,9,18,23,30,25,18,25,26,31,15,29
498,23,34,16,14,22,15,8,27,13,19,16,14,19,22,8,29,22,19,25,5,29,6,9,19,19,14,14,28,29,24
499,31,33,29,26,6,28,15,31,27,5,22,9,7,28,15,9,20,17,6,25,20,10,24,21,9,13,12,21,5,12
